Deciles,max_prob,min_prob,#1,#0,total
6,0.9923456130845277,0.9923456130845277,2710.0,3.0,2713
5,0.9918823893363932,0.9918823893363932,2081.0,5.0,2086
4,0.9917039099284347,0.8784086535582989,10638.0,276.0,10914
3,0.8667281266219412,0.2821422624595077,4326.0,1226.0,5552
2,0.13903404726912108,0.028797663127004706,404.0,4407.0,4811
1,0.012036325779935509,0.012036325779935509,0.0,1814.0,1814
0,0.003856819894196556,0.0002920105385123246,2.0,9900.0,9902
