Deciles,max_prob,min_prob,#1,#0,total
6,0.9923456130845277,0.9923456130845277,6324.0,6.0,6330
5,0.9918823893363932,0.9918823893363932,4778.0,22.0,4800
4,0.9917039099284347,0.8784086535582989,24976.0,594.0,25570
3,0.8667281266219412,0.2821422624595077,10109.0,2804.0,12913
2,0.13903404726912108,0.06561387788407107,970.0,10354.0,11324
1,0.012036325779935509,0.012036325779935509,1.0,3945.0,3946
0,0.003856819894196556,0.0002920105385123246,24.0,23274.0,23298
